title,start
Westfield State University vs Opponent,2026-08-16T10:00
Women's Soccer vs Western Connecticut,2026-09-01T15:45
Men's Soccer vs Nichols,2026-09-01T18:45
Women's Soccer vs Keene,2026-09-09T18:45
Football vs Bridgewater,2026-09-12T11:45
Women's Soccer vs Fitchburg,2026-09-12T16:15
Field Hockey vs Framingham,2026-09-15T18:45
Women's Soccer vs Eastern Connecticut,2026-09-16T18:45
Men's Soccer vs Salem,2026-09-19T10:45
Women's Volleyball Tri-Match: Westfield vs Salve Regina,2026-09-19T10:45
Women's Volleyball Tri-Match: Salve Regina vs Eastern Connecticut,2026-09-19T12:55
Football vs Dean,2026-09-19T13:45
Women's Volleyball Tri-Match: Westfield vs Eastern Connecticut,2026-09-19T14:55
Field Hockey vs UMass-Dartmouth,2026-09-22T15:45
Men's Soccer vs UMass-Dartmouth,2026-09-22T18:45
Women's Volleyball vs Fitchburg,2026-09-23T18:45
Women's Soccer vs Bridgewater,2026-09-26T11:45
Field Hockey vs Bridgewater,2026-09-29T18:45
Men's Soccer vs Mass. Maritime,2026-10-03T11:45
Field Hockey vs Fitchburg,2026-10-06T18:45
Women's Volleyball vs Bay Path,2026-10-07T18:45
Women's Swimming & Diving vs Rhode Island College,2026-10-09T17:45
Football vs Mass. Maritime,2026-10-10T11:45
Women's Soccer vs Worcester,2026-10-10T16:15
Men's Soccer vs Castleton,2026-10-13T15:45
Field Hockey vs Worcester,2026-10-13T18:45
Women's Soccer vs UMass-Boston,2026-10-14T18:45
Men's Soccer vs Framingham,2026-10-17T10:45
Football vs Framingham,2026-10-17T13:45
Women's Volleyball vs Framingham,2026-10-21T18:45
Women's Volleyball vs Mass. Maritime,2026-10-24T11:45
Field Hockey vs Salem,2026-10-27T18:45
Women's Soccer vs Wentworth,2026-10-28T18:45
Men's Ice Hockey vs Western New England,2026-10-30T19:20
Men's Soccer vs MCLA,2026-10-31T11:45
Men's Ice Hockey vs UMass-Dartmouth,2026-10-31T17:20
Women's Volleyball vs Dean,2026-11-03T18:45
Women's Volleyball vs Worcester,2026-11-07T10:45
Football vs UMass-Dartmouth,2026-11-07T11:45
Men's Ice Hockey vs Franklin Pierce,2026-11-10T19:20
Men's Basketball - Rick Martin Hampton Inn Tournament,2026-11-13T16:45
Men's Basketball - Rick Martin Hampton Inn Tournament,2026-11-13T18:55
Football vs Fitchburg,2026-11-14T11:30
Men's Basketball - Rick Martin / Hampton Inn Consolation Game,2026-11-14T11:45
Men's Basketball - Rick Martin / Hampton Inn Championship Game,2026-11-14T13:55
Women's Basketball vs Lasell,2026-11-18T18:45
Men's Ice Hockey vs Worcester,2026-11-19T19:20
Westfield Gas & Electric Tournament Tip-Off: Wellesley vs Castleton,2026-11-20T17:15
Westfield Gas & Electric Tournament Tip-Off: Westfield vs Hunter,2026-11-20T19:25
Westfield Gas & Electric Tournament Tip-Off Consolation Game,2026-11-21T11:45
Westfield Gas & Electric Tournament Tip-Off Championship Game,2026-11-21T13:55
Men's Ice Hockey vs AIC,2026-11-24T19:20
